{
  "R": [0, 71, 33, 192, 32, 195, 208, 173, 233, 202, 25, 210, 145, 89, 87,
          245, 246, 38, 3, 25, 57, 167, 245],
  "G": [0, 46, 78, 199, 79, 89, 41, 208, 135, 20, 154, 35, 21, 43, 230, 113,
          191, 147, 208, 37, 28, 27, 86],
  "B": [0, 154, 43, 10, 207, 204, 164, 231, 136, 58, 239, 30, 147, 230, 101,
          111, 150, 35, 128, 57, 252, 79, 173],
  "labels": ["Unknown",
    "Left red nucleus",
    "Right red nucleus",
    "Left substantia nigra",
    "Right substantia nigra",
    "Left subthalamic nucleus",
    "Right subthalamic nucleus",
    "Left caudate",
    "Right caudate",
    "Left putamen",
    "Right putamen",
    "Left globus pallidus externa (GPe)",
    "Right globus pallidus externa (GPe)",
    "Left globus pallidus interna (GPi)",
    "Right globus pallidus interna (GPi)",
    "Left thalamus",
    "Right thalamus",
    "Left hippocampus",
    "Right hippocampus",
    "Left nucleus accumbens",
    "Right nucleus accumbens",
    "Left amygdala",
    "Right amygdala"],
    "centers" : [[0,0,0],[-4.911949685534594, -19.125786163522008, -9.380503144654085], [4.885093167701868, -19.049689440993788, -9.27950310559006], [-9.5936170212766, -16.965957446808517, -14.231914893617024], [9.708494208494201, -16.75868725868726, -13.882239382239383], [-11.20779220779221, -13.15584415584415, -7.70779220779221], [11.200000000000003, -12.684848484848487, -7.769696969696973], [-13.72942118966553, 10.566192669737632, 8.124974964950937], [13.56953349546761, 11.899624143267744, 8.880389122263978], [-25.88927231807952, 1.5357839459864948, 0.6117029257314357], [25.32013591372433, 3.2059388388240393, 0.050967646624314966], [-20.52180451127819, -2.4729323308270637, -0.5661654135338381], [20.220563847429517, -1.2346600331675006, -0.8905472636815972], [-18.472826086956516, -5.391304347826093, -3.871376811594203], [18.403333333333336, -5.408333333333331, -3.75], [-11.851211493972968, -19.347376111043474, 6.650188725191768], [11.687273605409317, -17.92876116879981, 6.43274571359575], [-24.8049008168028, -24.44527421236873, -13.798599766627774], [25.74707985697259, -22.48104886769964, -14.442908224076284], [-9.936936936936931, 8.59819819819819, -9.794594594594592], [8.786407766990294, 9.47411003236246, -9.333333333333336], [-24.113396889111897, -4.306071249372806, -20.025589563472153], [24.125630676084768, -4.039354187689199, -19.762361251261353]]
}